rank,gloss,train_token_count,train_sample_count,dev_token_count,test_token_count,all_token_count,cumulative_train_token_coverage
1,我,5180,4540,276,310,5766,0.03873939901580986
2,他,3243,2923,201,206,3650,0.06299265596721361
3,你,2693,2380,170,185,3048,0.08313265626635954
4,这,2535,2374,152,166,2853,0.1020910301090387
5,人,2331,2065,147,167,2645,0.11952375966615313
6,多,1781,1636,97,105,1983,0.13284323257100977
7,不,1759,1632,113,127,1999,0.1459981752097761
8,要,1406,1309,79,78,1563,0.15651315494263876
9,有,1375,1283,106,107,1588,0.16679629657328326
10,是,1367,1297,106,115,1588,0.17701960901625857
11,1,1336,1204,86,86,1508,0.18701108335701572
12,好,1320,1196,100,107,1527,0.19688289932243444
13,我们,1196,1163,80,85,1361,0.2058273628789805
14,没有,1194,1138,54,61,1309,0.21475686913860928
15,看,1111,992,69,78,1258,0.22306564757617003
16,去,1103,1057,55,53,1211,0.2313145968260616
17,想,1070,997,48,45,1163,0.23931675067681768
18,房子,1022,978,52,61,1135,0.24695992940155856
19,什么,960,907,79,85,1124,0.25413943192186306
20,不行,939,885,49,54,1042,0.26116188282453595
21,自己,926,858,64,68,1058,0.2680871112972464
22,工作,925,855,38,40,1003,0.27500486112149813
23,可以,908,869,59,63,1030,0.2817954739219528
24,吃,903,709,55,52,1010,0.28854869348011425
25,今天,844,830,48,52,944,0.29486067277921535
26,说,809,755,39,36,884,0.3009108993822636
27,时间,752,716,43,46,841,0.30653484302316886
28,钱,661,596,40,38,739,0.31147822965433686
29,做,650,630,45,51,746,0.3163393511524597
30,买,613,561,29,35,677,0.3209237626576125
31,小,606,580,34,42,682,0.32545582362355474
32,会,591,561,47,57,695,0.32987570486261725
33,全部,588,573,39,38,665,0.33427315015630377
34,在,584,578,39,43,666,0.3386406808561557
35,到,572,537,38,45,655,0.3429184677745038
36,妈妈,563,545,23,26,612,0.3471289468567241
37,老师,549,546,35,35,619,0.3512347248605232
38,爸爸,500,492,14,18,532,0.3549740490898485
39,对,491,483,33,47,571,0.3586460654830459
40,喜欢,485,467,30,38,553,0.3622732099854914
41,事情,463,457,24,28,515,0.36573582422184664
42,给,435,423,30,33,498,0.3689890363013596
43,好了,429,421,26,28,483,0.3721973764901207
44,学,425,392,28,27,480,0.37537580208504717
45,2,414,400,29,37,480,0.3784719625469285
46,年,402,311,27,23,452,0.38147837922730604
47,但是,392,392,16,17,425,0.38441000942309705
48,病,389,334,13,15,417,0.38731920367351214
49,快,374,354,23,19,416,0.39011621819704745
50,喝,362,331,18,22,402,0.3928234889390789
51,他们,356,345,25,23,404,0.39548588779035854
52,还,355,347,38,43,436,0.39814080799317947
53,来,348,345,18,24,390,0.40074337765678986
54,东西,343,330,30,30,403,0.403308554078107
55,不好,338,316,11,16,365,0.40583633725713086
56,朋友,335,323,23,24,382,0.40834168449077884
57,一直,331,322,14,18,363,0.41081711713059216
58,为,330,324,9,12,351,0.41328507112194685
59,大,328,325,35,36,399,0.4157380678163842
60,找,325,301,17,20,362,0.4181686285654457
61,明天,308,305,13,14,335,0.42047205229071
62,多少,308,296,20,18,346,0.42277547601597437
63,孩子,305,294,21,22,348,0.4250564637958628
64,书,305,272,16,23,344,0.4273374515757512
65,晚上,299,294,20,18,337,0.42957356746488773
66,身体,298,283,18,28,344,0.43180220470556563
67,帮助,295,280,16,15,326,0.43400840600086754
68,走,295,261,15,18,328,0.43621460729616945
69,美丽,288,277,20,18,326,0.4383684580522608
70,学校,282,279,17,24,323,0.4404774369176003
71,新,273,252,18,16,307,0.4425191079468119
72,写,265,229,27,30,322,0.44450094978835425
73,早,263,249,16,14,293,0.4464678343329793
74,不喜欢,260,249,9,7,276,0.4484122829322285
75,手机,260,235,14,19,293,0.45035673153147765
76,感觉,259,256,16,19,294,0.4522937014822681
77,带,254,242,10,19,283,0.4541932781907654
78,生活,251,245,15,21,287,0.45607041895388667
79,天,250,237,18,18,286,0.4579400810685493
80,努力,248,226,18,23,289,0.45979478588629463
81,最,245,237,29,23,297,0.461627054758664
82,和,244,235,12,15,271,0.46345184498257475
83,中国,239,231,15,18,272,0.46523924196419225
84,睡觉,238,223,2,5,245,0.4670191602973511
85,旅游,236,233,8,9,253,0.4687841213335926
86,难,236,227,15,14,265,0.4705490823698341
87,每天,235,226,9,13,257,0.472306564757617
88,不是,235,225,16,21,272,0.4740640471453999
89,电影,234,228,6,8,248,0.4758140508847241
90,方法,234,226,21,18,273,0.47756405462404833
91,每,234,225,20,18,272,0.4793140583633726
92,各种,231,211,18,15,264,0.4810416261573208
93,考试,230,227,8,10,248,0.4827617153028105
94,医生,230,217,10,10,250,0.4844818044483001
95,心,229,223,16,23,268,0.48619441494533105
96,公司,228,228,21,23,272,0.4878995467939034
97,让,228,219,15,17,260,0.48960467864247575
98,增加,222,178,11,13,246,0.49126493860029613
99,必须,221,218,20,20,261,0.49291771990965794
100,后,218,218,12,13,243,0.49454806527364376
101,因为,218,218,14,13,245,0.4961784106376296
102,像,218,213,11,10,239,0.4978087560016154
103,用,218,197,16,19,253,0.4994391013656012
104,路,214,214,5,5,224,0.5010395321357525
105,女,213,213,16,19,248,0.502632484257445
106,拿,209,204,20,20,249,0.5041955217853029
107,那,209,200,11,13,233,0.5057585593131609
108,变,204,168,21,27,252,0.5072842035987256
109,大家,202,196,6,7,215,0.508794890587373
110,成功,200,197,22,33,255,0.5102906202791032
111,一起,199,194,2,1,202,0.5117788713223747
112,错误,197,192,8,6,211,0.5132521650687287
113,你们,194,189,9,8,211,0.514703022869707
114,组,194,182,11,11,216,0.5161538806706852
115,准备,193,181,5,9,207,0.5175972598232047
116,学生,192,192,15,18,225,0.5190331603272657
117,前,189,189,12,14,215,0.5204466248859506
118,一样,189,183,6,9,204,0.5218600894446356
119,简单,188,178,12,13,213,0.5232660753548619
120,情况,185,185,8,5,198,0.5246496253197123
121,请,184,184,9,9,202,0.5260256966361039
122,点,183,168,11,10,204,0.527394289304037
123,如果,182,179,9,13,204,0.5287554033235113
124,驾驶,181,173,9,6,196,0.5301090386945271
125,火车,181,168,4,4,189,0.5314626740655429
126,同学,180,177,13,15,208,0.5328088307880999
127,道理,178,173,5,7,190,0.5341400302137398
128,别,177,170,10,14,201,0.5354637509909209
129,真,177,168,5,4,186,0.536787471768102
130,外,176,172,3,5,184,0.5381037138968245
131,读书,176,167,5,6,187,0.539419956025547
132,运动,169,163,7,11,187,0.540683847615059
133,重要,169,162,8,7,184,0.541947739204571
134,车,169,151,4,2,175,0.5432116307940829
135,听,168,163,8,14,190,0.5444680437351361
136,跳舞,168,147,4,8,180,0.5457244566761895
137,知道,167,167,19,15,201,0.5469733909687842
138,玩,166,141,4,7,177,0.5482148466129201
139,上海,165,165,8,9,182,0.5494488236085975
140,等,164,145,3,5,172,0.5506753219558161
141,教,163,144,14,13,190,0.5518943416545762
142,害怕,160,133,9,14,183,0.5530909254079602
143,3,155,140,5,5,165,0.5542501159190512
144,开始,154,154,10,16,180,0.5554018277816833
145,大学,154,152,4,5,163,0.5565535396443155
146,下雨,154,148,5,6,165,0.5577052515069477
147,坏,154,148,10,7,171,0.5588569633695798
148,大概,153,150,7,11,171,0.5600011965837534
149,方便,153,150,8,15,176,0.5611454297979269
150,改变,153,123,10,11,174,0.5622896630121005
151,员工,152,149,14,15,181,0.5634264175778153
152,衣服,152,149,14,16,182,0.5645631721435302
153,菜,152,144,8,14,174,0.5656999267092451
154,水,152,132,6,9,167,0.56683668127496
155,电脑,151,149,10,12,173,0.5679659571922162
156,课,151,140,6,8,165,0.5690952331094724
157,接受,147,140,6,8,161,0.5701945944328941
158,不会,146,140,3,3,152,0.5712864771078571
159,联系,146,137,5,7,158,0.57237835978282
160,应该,145,145,13,21,179,0.5734627638093244
161,超市,145,145,17,15,177,0.5745471678358287
162,骄傲,145,133,7,8,160,0.575631571862333
163,男,144,141,8,9,161,0.5767084972403788
164,票,144,138,5,4,153,0.5777854226184244
165,上,143,143,10,10,163,0.5788548693480114
166,决定,143,134,2,4,149,0.5799243160775984
167,签名,143,131,7,10,160,0.5809937628071855
168,医院,142,134,13,7,162,0.5820557308883139
169,北京,140,138,6,6,152,0.583102741672525
170,领导,140,137,4,7,151,0.5841497524567361
171,检查,140,122,10,12,162,0.585196763240947
172,影响,139,127,3,3,145,0.5862362953766995
173,聪明,137,134,10,7,154,0.5872608702155346
174,技术,135,132,15,13,163,0.5882704877574525
175,亲属,134,134,7,9,150,0.5892726266509116
176,失败,134,113,16,14,164,0.5902747655443709
177,里,133,133,14,14,161,0.5912694257893714
178,信,133,130,7,8,148,0.5922640860343719
179,感冒,133,125,13,10,156,0.5932587462793724
180,外国,132,129,14,11,157,0.5942459278759142
181,要求,132,120,6,6,144,0.5952331094724561
182,下,131,131,7,9,147,0.5962128124205394
183,注意,130,124,7,7,144,0.597185036720164
184,热,130,122,6,10,146,0.5981572610197885
185,老,129,126,5,3,137,0.5991220066709544
186,少,129,120,7,7,143,0.6000867523221204
187,一般,129,118,3,4,136,0.6010514979732863
188,送,128,123,1,2,131,0.6020087649759935
189,高,128,122,20,18,166,0.6029660319787008
190,发生,128,113,9,8,145,0.6039232989814081
191,经常,127,127,7,8,142,0.6048730873356567
192,刚才,127,125,5,4,136,0.6058228756899053
193,担心,127,112,3,3,133,0.606772664044154
194,发现,126,126,13,11,150,0.6077149737499439
195,比,126,121,5,4,135,0.6086572834557339
196,得,126,120,8,6,140,0.6095995931615239
197,炒,125,107,4,5,134,0.6105344242188552
198,分,125,93,1,2,128,0.6114692552761865
199,问题,124,121,9,8,141,0.6123966076850591
200,叫,123,123,7,4,134,0.6133164814454731
201,比赛,122,122,2,3,127,0.6142288765574285
202,以前,121,117,7,7,135,0.6151337930209253
203,酒,121,113,4,6,131,0.616038709484422
204,年龄,120,120,8,9,137,0.61693614729946
205,脸,120,117,10,8,138,0.6178335851144982
206,飞机,120,116,7,6,133,0.6187310229295362
207,安静,119,119,4,5,128,0.6196209820961156
208,发展,119,116,15,13,147,0.620510941262695
209,地铁,119,113,7,8,134,0.6214009004292744
210,结婚,119,113,2,4,125,0.6222908595958538
211,银行,119,107,6,4,129,0.6231808187624333
212,怎么,118,118,7,8,133,0.624063299280554
213,世界,118,115,1,2,121,0.6249457797986748
214,研究,118,109,3,6,127,0.6258282603167955
215,问,118,98,12,9,139,0.6267107408349163
216,地方,117,117,5,7,129,0.6275857427045785
217,远,117,117,8,11,136,0.6284607445742405
218,高兴,117,114,5,10,132,0.6293357464439027
219,站,117,111,6,5,128,0.6302107483135648
220,姐姐,117,109,6,4,127,0.6310857501832269
221,美国,115,115,3,6,124,0.6319457947559717
222,记得,115,112,5,4,124,0.6328058393287165
223,慢,115,73,10,11,136,0.6336658839014613
224,十,114,111,1,1,116,0.6345184498257475
225,手语,114,111,6,6,126,0.6353710157500336
226,天气,113,113,7,9,129,0.6362161030258612
227,日期,111,111,3,6,120,0.6370462330047714
228,中,110,110,8,12,130,0.6378688843352229
229,老板,110,107,10,15,135,0.6386915356656745
230,5,110,104,8,8,126,0.639514186996126
231,崇拜,110,104,3,3,116,0.6403368383265776
232,药,110,103,9,13,132,0.6411594896570292
233,社会,109,107,3,3,115,0.6419746623390221
234,丢,109,100,5,7,121,0.642789835021015
235,白天,108,108,3,3,114,0.6435975290545493
236,发送,108,94,5,7,120,0.6444052230880836
237,人们,107,107,4,8,119,0.6452054384731591
238,尊重,107,98,6,9,122,0.6460056538582347
239,饭店,106,106,6,8,120,0.6467983905948517
240,认识,106,98,4,5,115,0.6475911273314686
241,选择,106,95,12,12,130,0.6483838640680856
242,星期,106,78,3,2,111,0.6491766008047025
243,把,105,105,4,5,114,0.6499618588928608
244,处理,105,102,4,5,114,0.6507471169810192
245,红,104,104,5,6,115,0.6515248964207189
246,护照,104,101,1,1,106,0.6523026758604185
247,忘记,104,95,8,8,120,0.6530804553001182
248,股票,104,83,1,2,107,0.6538582347398179
249,负责,103,99,2,4,109,0.6546285355310588
250,工资,103,97,7,6,116,0.6553988363222998
251,开,102,102,3,5,110,0.6561616584650822
252,哥哥,100,100,5,8,113,0.6569095233109472
253,结果,100,100,6,5,111,0.6576573881568123
254,包,99,99,2,4,105,0.6583977743542188
255,安全,99,99,3,6,108,0.6591381605516251
256,放,99,96,7,10,116,0.6598785467490316
257,王,99,96,15,16,130,0.6606189329464379
258,坐,99,83,7,8,114,0.6613593191438443
259,缺少,99,76,8,10,117,0.6620997053412507
260,保护,98,98,3,3,104,0.6628326128901985
261,昨天,98,98,4,5,107,0.6635655204391462
262,谁,98,93,8,11,117,0.664298427988094
263,互相,98,74,9,16,123,0.6650313355370417
264,不懂,97,97,3,3,103,0.6657567644375308
265,们,97,97,12,13,122,0.66648219333802
266,女儿,97,97,4,8,109,0.667207622238509
267,第一,97,97,9,8,114,0.6679330511389981
268,进,97,94,7,8,112,0.6686584800394872
269,长,97,88,8,8,113,0.6693839089399763
270,纸,97,86,7,7,111,0.6701093378404654
271,经验,96,96,11,13,120,0.6708272880924959
272,贵,96,96,5,4,105,0.6715452383445264
273,先,96,93,3,4,103,0.6722631885965569
274,分钟,96,84,9,10,115,0.6729811388485872
275,期,95,95,3,5,103,0.6736916104521591
276,山,95,92,7,9,111,0.6744020820557309
277,礼物,95,92,2,3,100,0.6751125536593027
278,越,95,91,11,11,117,0.6758230252628745
279,完成,94,91,8,9,111,0.6765260182179876
280,过去,94,88,3,3,100,0.6772290111731007
281,赚,94,82,4,4,102,0.677932004128214
282,商店,93,93,2,4,99,0.6786275184348685
283,电视,93,90,2,4,99,0.679323032741523
284,付,93,76,7,7,107,0.6800185470481774
285,出租车,92,92,4,5,101,0.6807065827063733
286,定,92,92,7,8,107,0.6813946183645692
287,猫,92,92,3,3,98,0.682082654022765
288,水果,90,90,7,7,104,0.6827557323840435
289,跑步,90,88,4,4,98,0.6834288107453221
290,饱,90,87,3,2,95,0.6841018891066006
291,提高,90,84,8,4,102,0.6847749674678792
292,表格,90,84,6,7,103,0.6854480458291577
293,国家,90,83,6,8,104,0.6861211241904362
294,月,90,79,3,3,96,0.6867942025517149
295,榜样,90,78,5,4,99,0.6874672809129934
296,花,90,69,13,12,115,0.688140359274272
297,小时,89,89,4,4,97,0.6888059589870918
298,法律,89,89,2,1,92,0.6894715586999117
299,爷爷,89,89,10,7,106,0.6901371584127316
300,发,89,86,3,3,95,0.6908027581255516
301,近,89,81,4,6,99,0.6914683578383715
302,6,88,85,3,3,94,0.6921264789027327
303,强,87,87,7,8,102,0.6927771213186353
304,品,87,84,9,8,104,0.6934277637345378
305,倒霉,87,81,7,7,101,0.6940784061504405
306,周,87,81,1,1,89,0.6947290485663431
307,查询,87,81,7,5,99,0.6953796909822457
308,告诉,87,75,4,5,96,0.6960303333981482
309,冬天,87,72,9,10,106,0.6966809758140509
310,快递,87,60,5,4,96,0.6973316182299535
311,只,86,86,2,5,93,0.6979747819973974
312,否认,86,84,9,7,102,0.6986179457648414
313,几,86,80,5,4,95,0.6992611095322854
314,最后,85,85,3,5,93,0.6998967946512706
315,广告,85,82,6,5,96,0.7005324797702559
316,不管,84,84,4,2,90,0.7011606862407825
317,肯定,84,84,10,9,103,0.7017888927113092
318,高铁,84,81,2,3,89,0.7024170991818358
319,交流,84,78,8,16,108,0.7030453056523625
320,出,84,78,4,6,94,0.7036735121228892
321,爱护,84,72,7,5,96,0.7043017185934158
322,牛奶,83,83,3,3,89,0.7049224464154837
323,警察,83,83,1,1,85,0.7055431742375518
324,根据,83,79,8,4,95,0.7061639020596198
325,不够,83,74,5,10,98,0.7067846298816878
326,百,83,74,9,9,101,0.7074053577037558
327,模仿,83,55,11,22,116,0.7080260855258238
328,客,82,82,10,11,103,0.7086393346994331
329,迟到,82,80,3,4,89,0.7092525838730425
330,会议,82,79,7,10,99,0.7098658330466519
331,生,82,79,6,3,91,0.7104790822202611
332,生日,82,79,9,9,100,0.7110923313938705
333,熟悉,82,77,3,2,87,0.7117055805674798
334,部分,82,74,6,4,92,0.7123188297410892
335,年轻,81,81,2,4,87,0.7129246002662399
336,样子,81,81,4,2,87,0.7135303707913906
337,穿,81,81,10,11,102,0.7141361413165412
338,身份证,81,81,2,3,86,0.714741911841692
339,颜色,81,81,2,4,87,0.7153476823668427
340,了解,81,79,2,5,88,0.7159534528919934
341,茶叶,81,73,3,5,89,0.7165592234171441
342,租,81,72,10,10,101,0.7171649939422947
343,累,80,77,6,5,91,0.7177632858189867
344,自然,80,77,5,4,89,0.7183615776956789
345,宾馆,79,79,4,2,85,0.7189523909239123
346,收,79,79,4,5,88,0.7195432041521457
347,除了,79,76,3,6,88,0.720134017380379
348,红包,79,71,5,6,90,0.7207248306086124
349,后悔,78,78,4,5,87,0.7213081651883871
350,妹妹,78,78,3,3,84,0.7218914997681619
351,封面,78,78,7,8,93,0.7224748343479367
352,过敏,78,69,4,2,84,0.7230581689277114
353,不同,78,67,7,10,95,0.7236415035074861
354,工,78,66,4,2,84,0.7242248380872609
355,预防,78,63,3,5,86,0.7248081726670356
356,不知道,77,77,1,2,80,0.7253840285983517
357,清楚,77,77,3,6,86,0.7259598845296678
358,差不多,77,74,6,7,90,0.7265357404609839
359,痛,77,62,2,4,83,0.7271115963922999
360,咖啡,76,76,4,4,84,0.7276799736751575
361,微信,76,76,3,3,82,0.7282483509580149
362,节省,76,64,5,7,88,0.7288167282408723
363,名字,75,75,3,3,81,0.7293776268752711
364,白,75,75,3,3,81,0.7299385255096699
365,舒服,75,75,3,4,82,0.7304994241440687
366,排队,75,72,2,4,81,0.7310603227784674
367,危险,75,68,4,5,84,0.7316212214128662
368,劳动,75,65,5,6,86,0.732182120047265
369,拒绝,74,74,7,5,86,0.7327355400332052
370,参加,73,73,4,5,82,0.7332814813706867
371,急诊,73,73,2,1,76,0.7338274227081681
372,通过,73,73,6,6,85,0.7343733640456497
373,服务,73,71,4,6,83,0.7349193053831311
374,休息,73,70,3,6,82,0.7354652467206126
375,代表,73,67,2,1,76,0.7360111880580942
376,卖,73,49,1,2,76,0.7365571293955756
377,店,72,72,3,4,79,0.7370955920845985
378,堵车,72,69,4,5,81,0.7376340547736213
379,欺负,72,66,1,2,75,0.7381725174626441
380,7,71,71,2,4,77,0.7387035015032083
381,公交车,71,71,6,5,82,0.7392344855437726
382,总结,71,71,1,2,74,0.7397654695843368
383,祝福,71,68,3,3,77,0.7402964536249009
384,贴,71,57,3,3,77,0.7408274376654651
385,弟弟,70,70,3,2,75,0.7413509430575707
386,打算,70,70,3,3,76,0.7418744484496762
387,系统,70,70,6,9,85,0.7423979538417818
388,观众,70,70,3,3,76,0.7429214592338873
389,方式,70,67,4,5,79,0.7434449646259927
390,重复,70,58,16,15,101,0.7439684700180983
391,张,69,69,3,3,75,0.7444844967617452
392,裙子,69,69,3,4,76,0.7450005235053921
393,报名,69,66,2,2,73,0.745516550249039
394,精神,69,66,2,4,75,0.7460325769926859
395,算,69,63,6,3,78,0.7465486037363328
396,嘲笑,69,62,7,8,84,0.7470646304799796
397,急,69,60,3,2,74,0.7475806572236265
398,音乐,69,60,1,1,71,0.7480966839672735
399,传染,68,65,7,6,81,0.7486052320624617
400,力量,68,65,3,5,76,0.74911378015765
401,艾滋,68,62,3,3,74,0.7496223282528381
402,核磁共振,67,67,9,10,86,0.7501233976995677
403,桌子,67,67,5,4,76,0.7506244671462973
404,害羞,67,65,6,8,81,0.7511255365930269
405,感动,66,66,2,4,72,0.7516191273912979
406,故障,66,66,4,4,74,0.7521127181895688
407,死,66,66,5,4,75,0.7526063089878398
408,惊吓,66,60,3,3,72,0.7530998997861107
409,斑马线,66,57,3,3,72,0.7535934905843816
410,指,66,54,6,5,77,0.7540870813826526
411,离婚,65,65,3,3,71,0.7545731935324648
412,科学,65,65,4,3,72,0.7550593056822771
413,过,65,65,3,3,71,0.7555454178320894
414,承认,65,61,2,2,69,0.7560315299819017
415,保险,65,60,3,3,71,0.7565176421317139
416,沟通,65,59,4,5,74,0.7570037542815262
417,随便,65,57,2,4,71,0.7574898664313385
418,代替,65,56,5,4,74,0.7579759785811508
419,从,64,64,4,7,75,0.7584546120825044
420,奇怪,64,64,3,3,70,0.7589332455838581
421,怀疑,64,64,2,4,70,0.7594118790852117
422,明,64,64,2,4,70,0.7598905125865654
423,希望,64,61,2,3,69,0.760369146087919
424,班长,64,61,4,3,71,0.7608477795892726
425,搬,64,55,3,2,69,0.7613264130906262
426,哭,64,47,10,12,86,0.7618050465919799
427,为什么,63,63,8,10,81,0.7622762014448748
428,儿子,63,63,8,8,79,0.7627473562977699
429,差点,63,63,5,4,72,0.7632185111506649
430,合作,63,60,2,4,69,0.7636896660035598
431,团,63,60,1,2,66,0.7641608208564549
432,流行,63,60,2,4,69,0.7646319757093498
433,爬,63,58,4,4,71,0.7651031305622448
434,估计,63,54,1,2,66,0.7655742854151397
435,试,63,52,6,8,77,0.7660454402680348
436,冷,62,62,3,3,68,0.7665091164724711
437,降,62,58,3,4,69,0.7669727926769074
438,讨论,62,53,1,1,64,0.7674364688813438
439,原来,61,61,4,5,70,0.7678926664373215
440,平时,61,61,2,3,66,0.7683488639932992
441,愿意,61,61,3,2,66,0.7688050615492769
442,理解,61,61,3,5,69,0.7692612591052544
443,班级,61,55,4,5,70,0.7697174566612321
444,队,61,55,4,5,70,0.7701736542172098
445,下午,60,60,5,4,69,0.7706223731247289
446,作弊,60,60,6,3,69,0.7710710920322479
447,刺激,60,60,4,5,69,0.771519810939767
448,奶奶,60,60,2,4,66,0.771968529847286
449,抱怨,60,60,3,3,66,0.772417248754805
450,抵挡,60,60,3,3,66,0.7728659676623241
451,特别,60,60,2,4,66,0.7733146865698431
452,请假,60,58,3,3,66,0.7737634054773621
453,卡,60,57,9,14,83,0.7742121243848812
454,懂,60,57,2,4,66,0.7746608432924001
455,来往,60,57,6,5,71,0.7751095621999192
456,货,60,57,3,2,65,0.7755582811074383
457,办理,60,54,4,5,69,0.7760070000149573
458,蓝牙,60,54,3,6,69,0.7764557189224763
459,涨,60,53,2,4,66,0.7769044378299954
460,严重,59,59,2,1,62,0.7773456780890557
461,惭愧,59,59,3,3,65,0.7777869183481161
462,次,59,59,7,4,70,0.7782281586071765
463,过节,59,59,3,3,65,0.7786693988662369
464,声音,59,56,5,6,70,0.7791106391252973
465,导航,59,56,2,4,65,0.7795518793843577
466,方向,59,56,6,3,68,0.779993119643418
467,环境,59,56,3,6,68,0.7804343599024784
468,生气,59,56,3,3,65,0.7808756001615388
469,苹果,59,56,1,2,62,0.7813168404205992
470,成绩,59,54,5,6,70,0.7817580806796596
471,变化,59,53,5,6,70,0.7821993209387199
472,宣传,59,53,2,2,63,0.7826405611977804
473,就,59,53,1,1,61,0.7830818014568407
474,钥匙,59,50,4,5,68,0.7835230417159011
475,安装,58,58,3,2,63,0.7839568033265029
476,标准,58,58,6,6,70,0.7843905649371046
477,被,58,58,4,2,64,0.7848243265477063
478,计划,58,58,4,5,67,0.785258088158308
479,勇敢,58,55,2,3,63,0.7856918497689097
480,吃不消,58,55,3,2,63,0.7861256113795115
481,哪,58,55,5,3,66,0.7865593729901132
482,爱,58,55,4,2,64,0.786993134600715
483,认真,58,55,2,3,63,0.7874268962113167
484,起床,58,55,5,4,67,0.7878606578219184
485,追,58,55,6,3,67,0.7882944194325202
486,养,58,53,8,7,73,0.7887281810431219
487,回答,58,53,3,3,64,0.7891619426537236
488,电,58,52,5,4,67,0.7895957042643253
489,生产,58,43,5,3,66,0.7900294658749271
490,挂,57,57,2,4,63,0.7904557488370701
491,毕业,57,57,5,5,67,0.7908820317992132
492,笔记本,57,57,3,6,66,0.7913083147613563
493,蛋糕,57,57,2,3,62,0.7917345977234994
494,质量,57,57,2,4,63,0.7921608806856425
495,癌,57,54,1,2,60,0.7925871636477856
496,阑尾,57,54,2,4,63,0.7930134466099287
497,换,57,51,2,4,63,0.7934397295720718
498,禁止,57,51,2,5,64,0.7938660125342148
499,复印,57,48,2,3,62,0.7942922954963579
500,能力,57,47,2,3,62,0.794718578458501
